Workbook

Sheet ינואר
A1: בס"ד | B1: חודש | C1: 46054 | F1: שם פרטי | I1: משפחה
F2: מס' עובד | I2: תפקיד
A3: יום | B3: תאריך | C3: משעה | D3: עד שעה | E3: משעה | F3: עד שעה | G3: משעה | H3: עד שעה | I3: סך שעות | J3: סך לרישום | K3: שם המטופלת | L3: הערות
A4: =VLOOKUP(WEEKDAY(B4),גיליון1!$A$1:$B$7,2,0) -> א | B4: =+C1 -> 46054 | I4: =+H4-G4+F4-E4+D4-C4+(D4<C4)+(F4<E4)+(H4<G4) -> 0 | J4: =+I4*24 -> 0
A5: =VLOOKUP(WEEKDAY(B5),גיליון1!$A$1:$B$7,2,0) -> ב | B5: =+B4+1 -> 46055 | I5: =+H5-G5+F5-E5+D5-C5+(D5<C5)+(F5<E5)+(H5<G5) -> 0 | J5: =+I5*24 -> 0
A6: =VLOOKUP(WEEKDAY(B6),גיליון1!$A$1:$B$7,2,0) -> ג | B6: =+B5+1 -> 46056 | I6: =+H6-G6+F6-E6+D6-C6+(D6<C6)+(F6<E6)+(H6<G6) -> 0 | J6: =+I6*24 -> 0
A7: =VLOOKUP(WEEKDAY(B7),גיליון1!$A$1:$B$7,2,0) -> ד | B7: =+B6+1 -> 46057 | I7: =+H7-G7+F7-E7+D7-C7+(D7<C7)+(F7<E7)+(H7<G7) -> 0 | J7: =+I7*24 -> 0
A8: =VLOOKUP(WEEKDAY(B8),גיליון1!$A$1:$B$7,2,0) -> ה | B8: =+B7+1 -> 46058 | I8: =+H8-G8+F8-E8+D8-C8+(D8<C8)+(F8<E8)+(H8<G8) -> 0 | J8: =+I8*24 -> 0
A9: =VLOOKUP(WEEKDAY(B9),גיליון1!$A$1:$B$7,2,0) -> ו | B9: =+B8+1 -> 46059 | I9: =+H9-G9+F9-E9+D9-C9+(D9<C9)+(F9<E9)+(H9<G9) -> 0 | J9: =+I9*24 -> 0
A10: =VLOOKUP(WEEKDAY(B10),גיליון1!$A$1:$B$7,2,0) -> ש | B10: =+B9+1 -> 46060 | I10: =+H10-G10+F10-E10+D10-C10+(D10<C10)+(F10<E10)+(H10<G10) -> 0 | J10: =+I10*24 -> 0
A11: =VLOOKUP(WEEKDAY(B11),גיליון1!$A$1:$B$7,2,0) -> א | B11: =+B10+1 -> 46061 | I11: =+H11-G11+F11-E11+D11-C11+(D11<C11)+(F11<E11)+(H11<G11) -> 0 | J11: =+I11*24 -> 0
A12: =VLOOKUP(WEEKDAY(B12),גיליון1!$A$1:$B$7,2,0) -> ב | B12: =+B11+1 -> 46062 | I12: =+H12-G12+F12-E12+D12-C12+(D12<C12)+(F12<E12)+(H12<G12) -> 0 | J12: =+I12*24 -> 0
A13: =VLOOKUP(WEEKDAY(B13),גיליון1!$A$1:$B$7,2,0) -> ג | B13: =+B12+1 -> 46063 | I13: =+H13-G13+F13-E13+D13-C13+(D13<C13)+(F13<E13)+(H13<G13) -> 0 | J13: =+I13*24 -> 0
A14: =VLOOKUP(WEEKDAY(B14),גיליון1!$A$1:$B$7,2,0) -> ד | B14: =+B13+1 -> 46064 | I14: =+H14-G14+F14-E14+D14-C14+(D14<C14)+(F14<E14)+(H14<G14) -> 0 | J14: =+I14*24 -> 0
A15: =VLOOKUP(WEEKDAY(B15),גיליון1!$A$1:$B$7,2,0) -> ה | B15: =+B14+1 -> 46065 | I15: =+H15-G15+F15-E15+D15-C15+(D15<C15)+(F15<E15)+(H15<G15) -> 0 | J15: =+I15*24 -> 0
A16: =VLOOKUP(WEEKDAY(B16),גיליון1!$A$1:$B$7,2,0) -> ו | B16: =+B15+1 -> 46066 | I16: =+H16-G16+F16-E16+D16-C16+(D16<C16)+(F16<E16)+(H16<G16) -> 0 | J16: =+I16*24 -> 0
... A31: =VLOOKUP(WEEKDAY(B31),גיליון1!$A$1:$B$7,2,0) -> ש | B31: =+B30+1 -> 46081 | I31: =+H31-G31+F31-E31+D31-C31+(D31<C31)+(F31<E31)+(H31<G31) -> 0 | J31: =+I31*24 -> 0
A32: =VLOOKUP(WEEKDAY(B32),גיליון1!$A$1:$B$7,2,0) -> #VALUE! | B32: =IF(MONTH(1+$B$31)=MONTH($C$1),$B$31+1,"---") -> --- | I32: =+H32-G32+F32-E32+D32-C32+(D32<C32)+(F32<E32)+(H32<G32) -> 0 | J32: =+I32*24 -> 0
A33: =VLOOKUP(WEEKDAY(B33),גיליון1!$A$1:$B$7,2,0) -> #VALUE! | B33: =IF(MONTH(2+$B$31)=MONTH($C$1),$B$31+2,"---") -> --- | I33: =+H33-G33+F33-E33+D33-C33+(D33<C33)+(F33<E33)+(H33<G33) -> 0 | J33: =+I33*24 -> 0
A34: =VLOOKUP(WEEKDAY(B34),גיליון1!$A$1:$B$7,2,0) -> #VALUE! | B34: =IF(MONTH(3+$B$31)=MONTH($C$1),$B$31+3,"---") -> --- | I34: =+H34-G34+F34-E34+D34-C34+(D34<C34)+(F34<E34)+(H34<G34) -> 0 | J34: =+I34*24 -> 0
A35: סה"כ ימים עבור נסיעות | E35: =COUNTIF(E4:E34,">0") -> 0 | F35: =COUNTIF(F4:F34,">0") -> 0 | G35: =COUNTIF(G4:G34,">0") -> 0 | H35: =COUNTIF(H4:H34,">0") -> 0
C36: סך שעות | D36: סך לרישום | E36: סך שעות | F36: סך לרישום | G36: סך שעות | H36: סך לרישום | I36: סך שעות | J36: סך לרישום
A37: סה"כ שעות חודשיות | E37: {=SUM(F4:F34-E4:E34+(F4:F34<E4:E34))} -> 0 | F37: =+E37*24 -> 0 | G37: {=SUM(H4:H34-G4:G34+(H4:H34<G4:G34))} -> 0 | H37: =+G37*24 -> 0 | I37: =SUM(I4:I34) -> 0 | J37: =+I37*24 -> 0

Sheet גיליון1
A1: 1 | B1: א
A2: 2 | B2: ב
A3: 3 | B3: ג
A4: 4 | B4: ד
A5: 5 | B5: ה
A6: 6 | B6: ו
A7: 7 | B7: ש
